Domain Code,Domain,Area Code (M49),Area,Element Code,Element,Item Code (CPC),Item,Year Code,Year,Unit,Value,Flag,Flag Description,Note
"QCL","Crops and livestock products","566","Nigeria","5312","Area harvested","01520.01","Cassava, fresh","1990","1990","ha","1634130","A","Official figure",""
"QCL","Crops and livestock products","566","Nigeria","5412","Yield","01520.01","Cassava, fresh","1990","1990","kg/ha","11653.3","A","Official figure",""
"QCL","Crops and livestock products","566","Nigeria","5510","Production","01520.01","Cassava, fresh","1990","1990","t","19043008","A","Official figure",""
"QCL","Crops and livestock products","566","Nigeria","5312","Area harvested","01520.01","Cassava, fresh","1991","1991","ha","2551000","A","Official figure",""
"QCL","Crops and livestock products","566","Nigeria","5412","Yield","01520.01","Cassava, fresh","1991","1991","kg/ha","10193.6","A","Official figure",""
"QCL","Crops and livestock products","566","Nigeria","5510","Production","01520.01","Cassava, fresh","1991","1991","t","26004000","A","Official figure",""
"QCL","Crops and livestock products","566","Nigeria","5312","Area harvested","01520.01","Cassava, fresh","1992","1992","ha","2755000","A","Official figure",""
"QCL","Crops and livestock products","566","Nigeria","5412","Yield","01520.01","Cassava, fresh","1992","1992","kg/ha","10593.1","A","Official figure",""
"QCL","Crops and livestock products","566","Nigeria","5510","Production","01520.01","Cassava, fresh","1992","1992","t","29184000","A","Official figure",""
"QCL","Crops and livestock products","566","Nigeria","5312","Area harvested","01520.01","Cassava, fresh","1993","1993","ha","2844000","A","Official figure",""
"QCL","Crops and livestock products","566","Nigeria","5412","Yield","01520.01","Cassava, fresh","1993","1993","kg/ha","10593.5","A","Official figure",""
"QCL","Crops and livestock products","566","Nigeria","5510","Production","01520.01","Cassava, fresh","1993","1993","t","30128000","A","Official figure",""
"QCL","Crops and livestock products","566","Nigeria","5312","Area harvested","01520.01","Cassava, fresh","1994","1994","ha","2927000","A","Official figure",""
"QCL","Crops and livestock products","566","Nigeria","5412","Yield","01520.01","Cassava, fresh","1994","1994","kg/ha","10592.8","A","Official figure",""
"QCL","Crops and livestock products","566","Nigeria","5510","Production","01520.01","Cassava, fresh","1994","1994","t","31005000","A","Official figure",""
"QCL","Crops and livestock products","566","Nigeria","5312","Area harvested","01520.01","Cassava, fresh","1995","1995","ha","2944000","A","Official figure",""
"QCL","Crops and livestock products","566","Nigeria","5412","Yield","01520.01","Cassava, fresh","1995","1995","kg/ha","10667.1","A","Official figure",""
"QCL","Crops and livestock products","566","Nigeria","5510","Production","01520.01","Cassava, fresh","1995","1995","t","31404000","A","Official figure",""
"QCL","Crops and livestock products","566","Nigeria","5312","Area harvested","01520.01","Cassava, fresh","1996","1996","ha","2946000","A","Official figure",""
"QCL","Crops and livestock products","566","Nigeria","5412","Yield","01520.01","Cassava, fresh","1996","1996","kg/ha","10664.6","A","Official figure",""
"QCL","Crops and livestock products","566","Nigeria","5510","Production","01520.01","Cassava, fresh","1996","1996","t","31418000","A","Official figure",""
"QCL","Crops and livestock products","566","Nigeria","5312","Area harvested","01520.01","Cassava, fresh","1997","1997","ha","2697400","A","Official figure",""
"QCL","Crops and livestock products","566","Nigeria","5412","Yield","01520.01","Cassava, fresh","1997","1997","kg/ha","11881.8","A","Official figure",""
"QCL","Crops and livestock products","566","Nigeria","5510","Production","01520.01","Cassava, fresh","1997","1997","t","32050000","A","Official figure",""
"QCL","Crops and livestock products","566","Nigeria","5312","Area harvested","01520.01","Cassava, fresh","1998","1998","ha","3042500","A","Official figure",""
"QCL","Crops and livestock products","566","Nigeria","5412","Yield","01520.01","Cassava, fresh","1998","1998","kg/ha","10746.1","A","Official figure",""
"QCL","Crops and livestock products","566","Nigeria","5510","Production","01520.01","Cassava, fresh","1998","1998","t","32695000","A","Official figure",""
"QCL","Crops and livestock products","566","Nigeria","5312","Area harvested","01520.01","Cassava, fresh","1999","1999","ha","3406000","A","Official figure",""
"QCL","Crops and livestock products","566","Nigeria","5412","Yield","01520.01","Cassava, fresh","1999","1999","kg/ha","9599.8","A","Official figure",""
"QCL","Crops and livestock products","566","Nigeria","5510","Production","01520.01","Cassava, fresh","1999","1999","t","32697000","A","Official figure",""
"QCL","Crops and livestock products","566","Nigeria","5312","Area harvested","01520.01","Cassava, fresh","2000","2000","ha","3300000","A","Official figure",""
"QCL","Crops and livestock products","566","Nigeria","5412","Yield","01520.01","Cassava, fresh","2000","2000","kg/ha","9700","A","Official figure",""
"QCL","Crops and livestock products","566","Nigeria","5510","Production","01520.01","Cassava, fresh","2000","2000","t","32010000","A","Official figure",""
"QCL","Crops and livestock products","566","Nigeria","5312","Area harvested","01520.01","Cassava, fresh","2001","2001","ha","3340000","A","Official figure",""
"QCL","Crops and livestock products","566","Nigeria","5412","Yield","01520.01","Cassava, fresh","2001","2001","kg/ha","9601.2","A","Official figure",""
"QCL","Crops and livestock products","566","Nigeria","5510","Production","01520.01","Cassava, fresh","2001","2001","t","32068000","A","Official figure",""
"QCL","Crops and livestock products","566","Nigeria","5312","Area harvested","01520.01","Cassava, fresh","2002","2002","ha","3446000","A","Official figure",""
"QCL","Crops and livestock products","566","Nigeria","5412","Yield","01520.01","Cassava, fresh","2002","2002","kg/ha","9901.3","A","Official figure",""
"QCL","Crops and livestock products","566","Nigeria","5510","Production","01520.01","Cassava, fresh","2002","2002","t","34120000","A","Official figure",""
"QCL","Crops and livestock products","566","Nigeria","5312","Area harvested","01520.01","Cassava, fresh","2003","2003","ha","3490000","A","Official figure",""
"QCL","Crops and livestock products","566","Nigeria","5412","Yield","01520.01","Cassava, fresh","2003","2003","kg/ha","10402.3","A","Official figure",""
"QCL","Crops and livestock products","566","Nigeria","5510","Production","01520.01","Cassava, fresh","2003","2003","t","36304000","A","Official figure",""
"QCL","Crops and livestock products","566","Nigeria","5312","Area harvested","01520.01","Cassava, fresh","2004","2004","ha","3531000","A","Official figure",""
"QCL","Crops and livestock products","566","Nigeria","5412","Yield","01520.01","Cassava, fresh","2004","2004","kg/ha","11001.1","A","Official figure",""
"QCL","Crops and livestock products","566","Nigeria","5510","Production","01520.01","Cassava, fresh","2004","2004","t","38845000","A","Official figure",""
"QCL","Crops and livestock products","566","Nigeria","5312","Area harvested","01520.01","Cassava, fresh","2005","2005","ha","3782000","A","Official figure",""
"QCL","Crops and livestock products","566","Nigeria","5412","Yield","01520.01","Cassava, fresh","2005","2005","kg/ha","10990.2","A","Official figure",""
"QCL","Crops and livestock products","566","Nigeria","5510","Production","01520.01","Cassava, fresh","2005","2005","t","41565000","A","Official figure",""
"QCL","Crops and livestock products","566","Nigeria","5312","Area harvested","01520.01","Cassava, fresh","2006","2006","ha","3810000","A","Official figure",""
"QCL","Crops and livestock products","566","Nigeria","5412","Yield","01520.01","Cassava, fresh","2006","2006","kg/ha","12000.3","A","Official figure",""
"QCL","Crops and livestock products","566","Nigeria","5510","Production","01520.01","Cassava, fresh","2006","2006","t","45721000","A","Official figure",""
"QCL","Crops and livestock products","566","Nigeria","5312","Area harvested","01520.01","Cassava, fresh","2007","2007","ha","3875000","A","Official figure",""
"QCL","Crops and livestock products","566","Nigeria","5412","Yield","01520.01","Cassava, fresh","2007","2007","kg/ha","11202.6","A","Official figure",""
"QCL","Crops and livestock products","566","Nigeria","5510","Production","01520.01","Cassava, fresh","2007","2007","t","43410000","A","Official figure",""
"QCL","Crops and livestock products","566","Nigeria","5312","Area harvested","01520.01","Cassava, fresh","2008","2008","ha","3778000","A","Official figure",""
"QCL","Crops and livestock products","566","Nigeria","5412","Yield","01520.01","Cassava, fresh","2008","2008","kg/ha","11800.4","A","Official figure",""
"QCL","Crops and livestock products","566","Nigeria","5510","Production","01520.01","Cassava, fresh","2008","2008","t","44582000","A","Official figure",""
"QCL","Crops and livestock products","566","Nigeria","5312","Area harvested","01520.01","Cassava, fresh","2009","2009","ha","3129030","A","Official figure",""
"QCL","Crops and livestock products","566","Nigeria","5412","Yield","01520.01","Cassava, fresh","2009","2009","kg/ha","11767.9","A","Official figure",""
"QCL","Crops and livestock products","566","Nigeria","5510","Production","01520.01","Cassava, fresh","2009","2009","t","36822248","A","Official figure",""
"QCL","Crops and livestock products","566","Nigeria","5312","Area harvested","01520.01","Cassava, fresh","2010","2010","ha","3481900","A","Official figure",""
"QCL","Crops and livestock products","566","Nigeria","5412","Yield","01520.01","Cassava, fresh","2010","2010","kg/ha","12215.5","A","Official figure",""
"QCL","Crops and livestock products","566","Nigeria","5510","Production","01520.01","Cassava, fresh","2010","2010","t","42533180","A","Official figure",""
"QCL","Crops and livestock products","566","Nigeria","5312","Area harvested","01520.01","Cassava, fresh","2011","2011","ha","4120166","A","Official figure",""
"QCL","Crops and livestock products","566","Nigeria","5412","Yield","01520.01","Cassava, fresh","2011","2011","kg/ha","11210.8","A","Official figure",""
"QCL","Crops and livestock products","566","Nigeria","5510","Production","01520.01","Cassava, fresh","2011","2011","t","46190248","A","Official figure",""
"QCL","Crops and livestock products","566","Nigeria","5312","Area harvested","01520.01","Cassava, fresh","2012","2012","ha","6401996","A","Official figure",""
"QCL","Crops and livestock products","566","Nigeria","5412","Yield","01520.01","Cassava, fresh","2012","2012","kg/ha","7958.5","A","Official figure",""
"QCL","Crops and livestock products","566","Nigeria","5510","Production","01520.01","Cassava, fresh","2012","2012","t","50950292","A","Official figure",""
"QCL","Crops and livestock products","566","Nigeria","5312","Area harvested","01520.01","Cassava, fresh","2013","2013","ha","6741300","A","Official figure",""
"QCL","Crops and livestock products","566","Nigeria","5412","Yield","01520.01","Cassava, fresh","2013","2013","kg/ha","7032.3","A","Official figure",""
"QCL","Crops and livestock products","566","Nigeria","5510","Production","01520.01","Cassava, fresh","2013","2013","t","47406770","A","Official figure",""
"QCL","Crops and livestock products","566","Nigeria","5312","Area harvested","01520.01","Cassava, fresh","2014","2014","ha","7096300","A","Official figure",""
"QCL","Crops and livestock products","566","Nigeria","5412","Yield","01520.01","Cassava, fresh","2014","2014","kg/ha","7655.4","A","Official figure",""
"QCL","Crops and livestock products","566","Nigeria","5510","Production","01520.01","Cassava, fresh","2014","2014","t","54324700","A","Official figure",""
"QCL","Crops and livestock products","566","Nigeria","5312","Area harvested","01520.01","Cassava, fresh","2015","2015","ha","7900630","A","Official figure",""
"QCL","Crops and livestock products","566","Nigeria","5412","Yield","01520.01","Cassava, fresh","2015","2015","kg/ha","7265.9","A","Official figure",""
"QCL","Crops and livestock products","566","Nigeria","5510","Production","01520.01","Cassava, fresh","2015","2015","t","57405060","A","Official figure",""
"QCL","Crops and livestock products","566","Nigeria","5312","Area harvested","01520.01","Cassava, fresh","2016","2016","ha","6668996","A","Official figure",""
"QCL","Crops and livestock products","566","Nigeria","5412","Yield","01520.01","Cassava, fresh","2016","2016","kg/ha","9076.3","A","Official figure",""
"QCL","Crops and livestock products","566","Nigeria","5510","Production","01520.01","Cassava, fresh","2016","2016","t","60529864","A","Official figure",""
"QCL","Crops and livestock products","566","Nigeria","5312","Area harvested","01520.01","Cassava, fresh","2017","2017","ha","6761350","A","Official figure",""
"QCL","Crops and livestock products","566","Nigeria","5412","Yield","01520.01","Cassava, fresh","2017","2017","kg/ha","9073.7","A","Official figure",""
"QCL","Crops and livestock products","566","Nigeria","5510","Production","01520.01","Cassava, fresh","2017","2017","t","61350199","A","Official figure",""
"QCL","Crops and livestock products","566","Nigeria","5312","Area harvested","01520.01","Cassava, fresh","2018","2018","ha","6949400","A","Official figure",""
"QCL","Crops and livestock products","566","Nigeria","5412","Yield","01520.01","Cassava, fresh","2018","2018","kg/ha","9403.8","A","Official figure",""
"QCL","Crops and livestock products","566","Nigeria","5510","Production","01520.01","Cassava, fresh","2018","2018","t","65350850","A","Official figure",""
"QCL","Crops and livestock products","566","Nigeria","5312","Area harvested","01520.01","Cassava, fresh","2019","2019","ha","9776650","A","Official figure",""
"QCL","Crops and livestock products","566","Nigeria","5412","Yield","01520.01","Cassava, fresh","2019","2019","kg/ha","5827.1","A","Official figure",""
"QCL","Crops and livestock products","566","Nigeria","5510","Production","01520.01","Cassava, fresh","2019","2019","t","56969160","A","Official figure",""
"QCL","Crops and livestock products","566","Nigeria","5312","Area harvested","01520.01","Cassava, fresh","2020","2020","ha","9614230","A","Official figure",""
"QCL","Crops and livestock products","566","Nigeria","5412","Yield","01520.01","Cassava, fresh","2020","2020","kg/ha","5779.5","A","Official figure",""
"QCL","Crops and livestock products","566","Nigeria","5510","Production","01520.01","Cassava, fresh","2020","2020","t","55565610","A","Official figure",""
"QCL","Crops and livestock products","566","Nigeria","5312","Area harvested","01520.01","Cassava, fresh","2021","2021","ha","9979330","A","Official figure",""
"QCL","Crops and livestock products","566","Nigeria","5412","Yield","01520.01","Cassava, fresh","2021","2021","kg/ha","5835.8","A","Official figure",""
"QCL","Crops and livestock products","566","Nigeria","5510","Production","01520.01","Cassava, fresh","2021","2021","t","58237500","A","Official figure",""
"QCL","Crops and livestock products","566","Nigeria","5312","Area harvested","01520.01","Cassava, fresh","2022","2022","ha","10144641","I","Value imputed by a receiving agency",""
"QCL","Crops and livestock products","566","Nigeria","5412","Yield","01520.01","Cassava, fresh","2022","2022","kg/ha","6014.5","E","Estimated value",""
"QCL","Crops and livestock products","566","Nigeria","5510","Production","01520.01","Cassava, fresh","2022","2022","t","61015339.21","I","Value imputed by a receiving agency",""
"QCL","Crops and livestock products","566","Nigeria","5312","Area harvested","01520.01","Cassava, fresh","2023","2023","ha","9878773","I","Value imputed by a receiving agency",""
"QCL","Crops and livestock products","566","Nigeria","5412","Yield","01520.01","Cassava, fresh","2023","2023","kg/ha","6345.9","E","Estimated value",""
"QCL","Crops and livestock products","566","Nigeria","5510","Production","01520.01","Cassava, fresh","2023","2023","t","62690091.19","E","Estimated value",""
"QCL","Crops and livestock products","566","Nigeria","5312","Area harvested","0112","Maize (corn)","1990","1990","ha","5104000","A","Official figure",""
"QCL","Crops and livestock products","566","Nigeria","5412","Yield","0112","Maize (corn)","1990","1990","kg/ha","1130.1","A","Official figure",""
"QCL","Crops and livestock products","566","Nigeria","5510","Production","0112","Maize (corn)","1990","1990","t","5768000","A","Official figure",""
"QCL","Crops and livestock products","566","Nigeria","5312","Area harvested","0112","Maize (corn)","1991","1991","ha","5142000","A","Official figure",""
"QCL","Crops and livestock products","566","Nigeria","5412","Yield","0112","Maize (corn)","1991","1991","kg/ha","1129.9","A","Official figure",""
"QCL","Crops and livestock products","566","Nigeria","5510","Production","0112","Maize (corn)","1991","1991","t","5810000","A","Official figure",""
"QCL","Crops and livestock products","566","Nigeria","5312","Area harvested","0112","Maize (corn)","1992","1992","ha","5223000","A","Official figure",""
"QCL","Crops and livestock products","566","Nigeria","5412","Yield","0112","Maize (corn)","1992","1992","kg/ha","1118.1","A","Official figure",""
"QCL","Crops and livestock products","566","Nigeria","5510","Production","0112","Maize (corn)","1992","1992","t","5840000","A","Official figure",""
"QCL","Crops and livestock products","566","Nigeria","5312","Area harvested","0112","Maize (corn)","1993","1993","ha","5309000","A","Official figure",""
"QCL","Crops and livestock products","566","Nigeria","5412","Yield","0112","Maize (corn)","1993","1993","kg/ha","1184.8","A","Official figure",""
"QCL","Crops and livestock products","566","Nigeria","5510","Production","0112","Maize (corn)","1993","1993","t","6290000","A","Official figure",""
"QCL","Crops and livestock products","566","Nigeria","5312","Area harvested","0112","Maize (corn)","1994","1994","ha","5426000","A","Official figure",""
"QCL","Crops and livestock products","566","Nigeria","5412","Yield","0112","Maize (corn)","1994","1994","kg/ha","1272","A","Official figure",""
"QCL","Crops and livestock products","566","Nigeria","5510","Production","0112","Maize (corn)","1994","1994","t","6902000","A","Official figure",""
"QCL","Crops and livestock products","566","Nigeria","5312","Area harvested","0112","Maize (corn)","1995","1995","ha","5472000","A","Official figure",""
"QCL","Crops and livestock products","566","Nigeria","5412","Yield","0112","Maize (corn)","1995","1995","kg/ha","1266.6","A","Official figure",""
"QCL","Crops and livestock products","566","Nigeria","5510","Production","0112","Maize (corn)","1995","1995","t","6931000","A","Official figure",""
"QCL","Crops and livestock products","566","Nigeria","5312","Area harvested","0112","Maize (corn)","1996","1996","ha","4273400","A","Official figure",""
"QCL","Crops and livestock products","566","Nigeria","5412","Yield","0112","Maize (corn)","1996","1996","kg/ha","1326.1","A","Official figure",""
"QCL","Crops and livestock products","566","Nigeria","5510","Production","0112","Maize (corn)","1996","1996","t","5667000","A","Official figure",""
"QCL","Crops and livestock products","566","Nigeria","5312","Area harvested","0112","Maize (corn)","1997","1997","ha","4200000","A","Official figure",""
"QCL","Crops and livestock products","566","Nigeria","5412","Yield","0112","Maize (corn)","1997","1997","kg/ha","1251","A","Official figure",""
"QCL","Crops and livestock products","566","Nigeria","5510","Production","0112","Maize (corn)","1997","1997","t","5254000","A","Official figure",""
"QCL","Crops and livestock products","566","Nigeria","5312","Area harvested","0112","Maize (corn)","1998","1998","ha","3884000","A","Official figure",""
"QCL","Crops and livestock products","566","Nigeria","5412","Yield","0112","Maize (corn)","1998","1998","kg/ha","1320","A","Official figure",""
"QCL","Crops and livestock products","566","Nigeria","5510","Production","0112","Maize (corn)","1998","1998","t","5127000","A","Official figure",""
"QCL","Crops and livestock products","566","Nigeria","5312","Area harvested","0112","Maize (corn)","1999","1999","ha","3423000","A","Official figure",""
"QCL","Crops and livestock products","566","Nigeria","5412","Yield","0112","Maize (corn)","1999","1999","kg/ha","1599.8","A","Official figure",""
"QCL","Crops and livestock products","566","Nigeria","5510","Production","0112","Maize (corn)","1999","1999","t","5476000","A","Official figure",""
"QCL","Crops and livestock products","566","Nigeria","5312","Area harvested","0112","Maize (corn)","2000","2000","ha","3159000","A","Official figure",""
"QCL","Crops and livestock products","566","Nigeria","5412","Yield","0112","Maize (corn)","2000","2000","kg/ha","1300.1","A","Official figure",""
"QCL","Crops and livestock products","566","Nigeria","5510","Production","0112","Maize (corn)","2000","2000","t","4107000","A","Official figure",""
"QCL","Crops and livestock products","566","Nigeria","5312","Area harvested","0112","Maize (corn)","2001","2001","ha","3283000","A","Official figure",""
"QCL","Crops and livestock products","566","Nigeria","5412","Yield","0112","Maize (corn)","2001","2001","kg/ha","1399.9","A","Official figure",""
"QCL","Crops and livestock products","566","Nigeria","5510","Production","0112","Maize (corn)","2001","2001","t","4596000","A","Official figure",""
"QCL","Crops and livestock products","566","Nigeria","5312","Area harvested","0112","Maize (corn)","2002","2002","ha","3282000","A","Official figure",""
"QCL","Crops and livestock products","566","Nigeria","5412","Yield","0112","Maize (corn)","2002","2002","kg/ha","1489.9","A","Official figure",""
"QCL","Crops and livestock products","566","Nigeria","5510","Production","0112","Maize (corn)","2002","2002","t","4890000","A","Official figure",""
"QCL","Crops and livestock products","566","Nigeria","5312","Area harvested","0112","Maize (corn)","2003","2003","ha","3469000","A","Official figure",""
"QCL","Crops and livestock products","566","Nigeria","5412","Yield","0112","Maize (corn)","2003","2003","kg/ha","1499.9","A","Official figure",""
"QCL","Crops and livestock products","566","Nigeria","5510","Production","0112","Maize (corn)","2003","2003","t","5203000","A","Official figure",""
"QCL","Crops and livestock products","566","Nigeria","5312","Area harvested","0112","Maize (corn)","2004","2004","ha","3479000","A","Official figure",""
"QCL","Crops and livestock products","566","Nigeria","5412","Yield","0112","Maize (corn)","2004","2004","kg/ha","1600.2","A","Official figure",""
"QCL","Crops and livestock products","566","Nigeria","5510","Production","0112","Maize (corn)","2004","2004","t","5567000","A","Official figure",""
"QCL","Crops and livestock products","566","Nigeria","5312","Area harvested","0112","Maize (corn)","2005","2005","ha","3589000","A","Official figure",""
"QCL","Crops and livestock products","566","Nigeria","5412","Yield","0112","Maize (corn)","2005","2005","kg/ha","1659.8","A","Official figure",""
"QCL","Crops and livestock products","566","Nigeria","5510","Production","0112","Maize (corn)","2005","2005","t","5957000","A","Official figure",""
"QCL","Crops and livestock products","566","Nigeria","5312","Area harvested","0112","Maize (corn)","2006","2006","ha","3905000","A","Official figure",""
"QCL","Crops and livestock products","566","Nigeria","5412","Yield","0112","Maize (corn)","2006","2006","kg/ha","1818.2","A","Official figure",""
"QCL","Crops and livestock products","566","Nigeria","5510","Production","0112","Maize (corn)","2006","2006","t","7100000","A","Official figure",""
"QCL","Crops and livestock products","566","Nigeria","5312","Area harvested","0112","Maize (corn)","2007","2007","ha","3944000","A","Official figure",""
"QCL","Crops and livestock products","566","Nigeria","5412","Yield","0112","Maize (corn)","2007","2007","kg/ha","1704.9","A","Official figure",""
"QCL","Crops and livestock products","566","Nigeria","5510","Production","0112","Maize (corn)","2007","2007","t","6724000","A","Official figure",""
"QCL","Crops and livestock products","566","Nigeria","5312","Area harvested","0112","Maize (corn)","2008","2008","ha","3845000","A","Official figure",""
"QCL","Crops and livestock products","566","Nigeria","5412","Yield","0112","Maize (corn)","2008","2008","kg/ha","1957.1","A","Official figure",""
"QCL","Crops and livestock products","566","Nigeria","5510","Production","0112","Maize (corn)","2008","2008","t","7525000","A","Official figure",""
"QCL","Crops and livestock products","566","Nigeria","5312","Area harvested","0112","Maize (corn)","2009","2009","ha","3350560","A","Official figure",""
"QCL","Crops and livestock products","566","Nigeria","5412","Yield","0112","Maize (corn)","2009","2009","kg/ha","2196.1","A","Official figure",""
"QCL","Crops and livestock products","566","Nigeria","5510","Production","0112","Maize (corn)","2009","2009","t","7358260","A","Official figure",""
"QCL","Crops and livestock products","566","Nigeria","5312","Area harvested","0112","Maize (corn)","2010","2010","ha","4149310","A","Official figure",""
"QCL","Crops and livestock products","566","Nigeria","5412","Yield","0112","Maize (corn)","2010","2010","kg/ha","1850.2","A","Official figure",""
"QCL","Crops and livestock products","566","Nigeria","5510","Production","0112","Maize (corn)","2010","2010","t","7676850","A","Official figure",""
"QCL","Crops and livestock products","566","Nigeria","5312","Area harvested","0112","Maize (corn)","2011","2011","ha","5456540","A","Official figure",""
"QCL","Crops and livestock products","566","Nigeria","5412","Yield","0112","Maize (corn)","2011","2011","kg/ha","1627.1","A","Official figure",""
"QCL","Crops and livestock products","566","Nigeria","5510","Production","0112","Maize (corn)","2011","2011","t","8878456","A","Official figure",""
"QCL","Crops and livestock products","566","Nigeria","5312","Area harvested","0112","Maize (corn)","2012","2012","ha","5751300","A","Official figure",""
"QCL","Crops and livestock products","566","Nigeria","5412","Yield","0112","Maize (corn)","2012","2012","kg/ha","1511.8","A","Official figure",""
"QCL","Crops and livestock products","566","Nigeria","5510","Production","0112","Maize (corn)","2012","2012","t","8694900","A","Official figure",""
"QCL","Crops and livestock products","566","Nigeria","5312","Area harvested","0112","Maize (corn)","2013","2013","ha","5762700","A","Official figure",""
"QCL","Crops and livestock products","566","Nigeria","5412","Yield","0112","Maize (corn)","2013","2013","kg/ha","1461.6","A","Official figure",""
"QCL","Crops and livestock products","566","Nigeria","5510","Production","0112","Maize (corn)","2013","2013","t","8422670","A","Official figure",""
"QCL","Crops and livestock products","566","Nigeria","5312","Area harvested","0112","Maize (corn)","2014","2014","ha","6346551","A","Official figure",""
"QCL","Crops and livestock products","566","Nigeria","5412","Yield","0112","Maize (corn)","2014","2014","kg/ha","1700.2","A","Official figure",""
"QCL","Crops and livestock products","566","Nigeria","5510","Production","0112","Maize (corn)","2014","2014","t","10790600","A","Official figure",""
"QCL","Crops and livestock products","566","Nigeria","5312","Area harvested","0112","Maize (corn)","2015","2015","ha","5550360","A","Official figure",""
"QCL","Crops and livestock products","566","Nigeria","5412","Yield","0112","Maize (corn)","2015","2015","kg/ha","1718.8","A","Official figure",""
"QCL","Crops and livestock products","566","Nigeria","5510","Production","0112","Maize (corn)","2015","2015","t","9540190","A","Official figure",""
"QCL","Crops and livestock products","566","Nigeria","5312","Area harvested","0112","Maize (corn)","2016","2016","ha","5904906","A","Official figure",""
"QCL","Crops and livestock products","566","Nigeria","5412","Yield","0112","Maize (corn)","2016","2016","kg/ha","1783.7","A","Official figure",""
"QCL","Crops and livestock products","566","Nigeria","5510","Production","0112","Maize (corn)","2016","2016","t","10532340","A","Official figure",""
"QCL","Crops and livestock products","566","Nigeria","5312","Area harvested","0112","Maize (corn)","2017","2017","ha","6389296","A","Official figure",""
"QCL","Crops and livestock products","566","Nigeria","5412","Yield","0112","Maize (corn)","2017","2017","kg/ha","1664.1","A","Official figure",""
"QCL","Crops and livestock products","566","Nigeria","5510","Production","0112","Maize (corn)","2017","2017","t","10632299","A","Official figure",""
"QCL","Crops and livestock products","566","Nigeria","5312","Area harvested","0112","Maize (corn)","2018","2018","ha","6541183","A","Official figure",""
"QCL","Crops and livestock products","566","Nigeria","5412","Yield","0112","Maize (corn)","2018","2018","kg/ha","1671.6","A","Official figure",""
"QCL","Crops and livestock products","566","Nigeria","5510","Production","0112","Maize (corn)","2018","2018","t","10934149","A","Official figure",""
"QCL","Crops and livestock products","566","Nigeria","5312","Area harvested","0112","Maize (corn)","2019","2019","ha","6783924","I","Value imputed by a receiving agency",""
"QCL","Crops and livestock products","566","Nigeria","5412","Yield","0112","Maize (corn)","2019","2019","kg/ha","1857.2","E","Estimated value",""
"QCL","Crops and livestock products","566","Nigeria","5510","Production","0112","Maize (corn)","2019","2019","t","12598945","A","Official figure",""
"QCL","Crops and livestock products","566","Nigeria","5312","Area harvested","0112","Maize (corn)","2020","2020","ha","6048600","A","Official figure",""
"QCL","Crops and livestock products","566","Nigeria","5412","Yield","0112","Maize (corn)","2020","2020","kg/ha","2050.6","A","Official figure",""
"QCL","Crops and livestock products","566","Nigeria","5510","Production","0112","Maize (corn)","2020","2020","t","12403300","A","Official figure",""
"QCL","Crops and livestock products","566","Nigeria","5312","Area harvested","0112","Maize (corn)","2021","2021","ha","6205280","A","Official figure",""
"QCL","Crops and livestock products","566","Nigeria","5412","Yield","0112","Maize (corn)","2021","2021","kg/ha","2053.8","A","Official figure",""
"QCL","Crops and livestock products","566","Nigeria","5510","Production","0112","Maize (corn)","2021","2021","t","12744450","A","Official figure",""
"QCL","Crops and livestock products","566","Nigeria","5312","Area harvested","0112","Maize (corn)","2022","2022","ha","5800000","X","Figure from external organization","Unofficial figure"
"QCL","Crops and livestock products","566","Nigeria","5412","Yield","0112","Maize (corn)","2022","2022","kg/ha","2232.6","X","Figure from external organization",""
"QCL","Crops and livestock products","566","Nigeria","5510","Production","0112","Maize (corn)","2022","2022","t","12948920","X","Figure from external organization","Unofficial figure"
"QCL","Crops and livestock products","566","Nigeria","5312","Area harvested","0112","Maize (corn)","2023","2023","ha","5700000","X","Figure from external organization","Unofficial figure"
"QCL","Crops and livestock products","566","Nigeria","5412","Yield","0112","Maize (corn)","2023","2023","kg/ha","1939.1","X","Figure from external organization",""
"QCL","Crops and livestock products","566","Nigeria","5510","Production","0112","Maize (corn)","2023","2023","t","11053000","X","Figure from external organization","Unofficial figure"
"QCL","Crops and livestock products","566","Nigeria","5312","Area harvested","0118","Millet","1990","1990","ha","4778000","A","Official figure",""
"QCL","Crops and livestock products","566","Nigeria","5412","Yield","0118","Millet","1990","1990","kg/ha","1074.9","A","Official figure",""
"QCL","Crops and livestock products","566","Nigeria","5510","Production","0118","Millet","1990","1990","t","5136000","A","Official figure",""
"QCL","Crops and livestock products","566","Nigeria","5312","Area harvested","0118","Millet","1991","1991","ha","4560000","A","Official figure",""
"QCL","Crops and livestock products","566","Nigeria","5412","Yield","0118","Millet","1991","1991","kg/ha","901.1","A","Official figure",""
"QCL","Crops and livestock products","566","Nigeria","5510","Production","0118","Millet","1991","1991","t","4109000","A","Official figure",""
"QCL","Crops and livestock products","566","Nigeria","5312","Area harvested","0118","Millet","1992","1992","ha","4367000","A","Official figure",""
"QCL","Crops and livestock products","566","Nigeria","5412","Yield","0118","Millet","1992","1992","kg/ha","1030.7","A","Official figure",""
"QCL","Crops and livestock products","566","Nigeria","5510","Production","0118","Millet","1992","1992","t","4501000","A","Official figure",""
"QCL","Crops and livestock products","566","Nigeria","5312","Area harvested","0118","Millet","1993","1993","ha","4850000","A","Official figure",""
"QCL","Crops and livestock products","566","Nigeria","5412","Yield","0118","Millet","1993","1993","kg/ha","948.9","A","Official figure",""
"QCL","Crops and livestock products","566","Nigeria","5510","Production","0118","Millet","1993","1993","t","4602000","A","Official figure",""
"QCL","Crops and livestock products","566","Nigeria","5312","Area harvested","0118","Millet","1994","1994","ha","5007000","A","Official figure",""
"QCL","Crops and livestock products","566","Nigeria","5412","Yield","0118","Millet","1994","1994","kg/ha","950.1","A","Official figure",""
"QCL","Crops and livestock products","566","Nigeria","5510","Production","0118","Millet","1994","1994","t","4757000","A","Official figure",""
"QCL","Crops and livestock products","566","Nigeria","5312","Area harvested","0118","Millet","1995","1995","ha","5107000","A","Official figure",""
"QCL","Crops and livestock products","566","Nigeria","5412","Yield","0118","Millet","1995","1995","kg/ha","1089.3","A","Official figure",""
"QCL","Crops and livestock products","566","Nigeria","5510","Production","0118","Millet","1995","1995","t","5563000","A","Official figure",""
"QCL","Crops and livestock products","566","Nigeria","5312","Area harvested","0118","Millet","1996","1996","ha","5356000","A","Official figure",""
"QCL","Crops and livestock products","566","Nigeria","5412","Yield","0118","Millet","1996","1996","kg/ha","1060.7","A","Official figure",""
"QCL","Crops and livestock products","566","Nigeria","5510","Production","0118","Millet","1996","1996","t","5681000","A","Official figure",""
"QCL","Crops and livestock products","566","Nigeria","5312","Area harvested","0118","Millet","1997","1997","ha","5487000","A","Official figure",""
"QCL","Crops and livestock products","566","Nigeria","5412","Yield","0118","Millet","1997","1997","kg/ha","1075.6","A","Official figure",""
"QCL","Crops and livestock products","566","Nigeria","5510","Production","0118","Millet","1997","1997","t","5902000","A","Official figure",""
"QCL","Crops and livestock products","566","Nigeria","5312","Area harvested","0118","Millet","1998","1998","ha","5596000","A","Official figure",""
"QCL","Crops and livestock products","566","Nigeria","5412","Yield","0118","Millet","1998","1998","kg/ha","1064.3","A","Official figure",""
"QCL","Crops and livestock products","566","Nigeria","5510","Production","0118","Millet","1998","1998","t","5956000","A","Official figure",""
"QCL","Crops and livestock products","566","Nigeria","5312","Area harvested","0118","Millet","1999","1999","ha","5603000","A","Official figure",""
"QCL","Crops and livestock products","566","Nigeria","5412","Yield","0118","Millet","1999","1999","kg/ha","1063.7","A","Official figure",""
"QCL","Crops and livestock products","566","Nigeria","5510","Production","0118","Millet","1999","1999","t","5960000","A","Official figure",""
"QCL","Crops and livestock products","566","Nigeria","5312","Area harvested","0118","Millet","2000","2000","ha","5814000","A","Official figure",""
"QCL","Crops and livestock products","566","Nigeria","5412","Yield","0118","Millet","2000","2000","kg/ha","1050.1","A","Official figure",""
"QCL","Crops and livestock products","566","Nigeria","5510","Production","0118","Millet","2000","2000","t","6105000","A","Official figure",""
"QCL","Crops and livestock products","566","Nigeria","5312","Area harvested","0118","Millet","2001","2001","ha","4254000","A","Official figure",""
"QCL","Crops and livestock products","566","Nigeria","5412","Yield","0118","Millet","2001","2001","kg/ha","1300","A","Official figure",""
"QCL","Crops and livestock products","566","Nigeria","5510","Production","0118","Millet","2001","2001","t","5530000","A","Official figure",""
"QCL","Crops and livestock products","566","Nigeria","5312","Area harvested","0118","Millet","2002","2002","ha","4490000","A","Official figure",""
"QCL","Crops and livestock products","566","Nigeria","5412","Yield","0118","Millet","2002","2002","kg/ha","1310.5","A","Official figure",""
"QCL","Crops and livestock products","566","Nigeria","5510","Production","0118","Millet","2002","2002","t","5884000","A","Official figure",""
"QCL","Crops and livestock products","566","Nigeria","5312","Area harvested","0118","Millet","2003","2003","ha","4536000","A","Official figure",""
"QCL","Crops and livestock products","566","Nigeria","5412","Yield","0118","Millet","2003","2003","kg/ha","1380.1","A","Official figure",""
"QCL","Crops and livestock products","566","Nigeria","5510","Production","0118","Millet","2003","2003","t","6260000","A","Official figure",""
"QCL","Crops and livestock products","566","Nigeria","5312","Area harvested","0118","Millet","2004","2004","ha","4620000","A","Official figure",""
"QCL","Crops and livestock products","566","Nigeria","5412","Yield","0118","Millet","2004","2004","kg/ha","1450","A","Official figure",""
"QCL","Crops and livestock products","566","Nigeria","5510","Production","0118","Millet","2004","2004","t","6699000","A","Official figure",""
"QCL","Crops and livestock products","566","Nigeria","5312","Area harvested","0118","Millet","2005","2005","ha","4685000","A","Official figure",""
"QCL","Crops and livestock products","566","Nigeria","5412","Yield","0118","Millet","2005","2005","kg/ha","1530","A","Official figure",""
"QCL","Crops and livestock products","566","Nigeria","5510","Production","0118","Millet","2005","2005","t","7168000","A","Official figure",""
"QCL","Crops and livestock products","566","Nigeria","5312","Area harvested","0118","Millet","2006","2006","ha","4971000","A","Official figure",""
"QCL","Crops and livestock products","566","Nigeria","5412","Yield","0118","Millet","2006","2006","kg/ha","1550","A","Official figure",""
"QCL","Crops and livestock products","566","Nigeria","5510","Production","0118","Millet","2006","2006","t","7705000","A","Official figure",""
"QCL","Crops and livestock products","566","Nigeria","5312","Area harvested","0118","Millet","2007","2007","ha","5056000","A","Official figure",""
"QCL","Crops and livestock products","566","Nigeria","5412","Yield","0118","Millet","2007","2007","kg/ha","1600.1","A","Official figure",""
"QCL","Crops and livestock products","566","Nigeria","5510","Production","0118","Millet","2007","2007","t","8090000","A","Official figure",""
"QCL","Crops and livestock products","566","Nigeria","5312","Area harvested","0118","Millet","2008","2008","ha","4904000","A","Official figure",""
"QCL","Crops and livestock products","566","Nigeria","5412","Yield","0118","Millet","2008","2008","kg/ha","1848.3","A","Official figure",""
"QCL","Crops and livestock products","566","Nigeria","5510","Production","0118","Millet","2008","2008","t","9064000","A","Official figure",""
"QCL","Crops and livestock products","566","Nigeria","5312","Area harvested","0118","Millet","2009","2009","ha","3787730","A","Official figure",""
"QCL","Crops and livestock products","566","Nigeria","5412","Yield","0118","Millet","2009","2009","kg/ha","1301.6","A","Official figure",""
"QCL","Crops and livestock products","566","Nigeria","5510","Production","0118","Millet","2009","2009","t","4929950","A","Official figure",""
"QCL","Crops and livestock products","566","Nigeria","5312","Area harvested","0118","Millet","2010","2010","ha","4364140","A","Official figure",""
"QCL","Crops and livestock products","566","Nigeria","5412","Yield","0118","Millet","2010","2010","kg/ha","1184.8","A","Official figure",""
"QCL","Crops and livestock products","566","Nigeria","5510","Production","0118","Millet","2010","2010","t","5170430","A","Official figure",""
"QCL","Crops and livestock products","566","Nigeria","5312","Area harvested","0118","Millet","2011","2011","ha","2827090","A","Official figure",""
"QCL","Crops and livestock products","566","Nigeria","5412","Yield","0118","Millet","2011","2011","kg/ha","449.7","A","Official figure",""
"QCL","Crops and livestock products","566","Nigeria","5510","Production","0118","Millet","2011","2011","t","1271370","A","Official figure",""
"QCL","Crops and livestock products","566","Nigeria","5312","Area harvested","0118","Millet","2012","2012","ha","1328200","A","Official figure",""
"QCL","Crops and livestock products","566","Nigeria","5412","Yield","0118","Millet","2012","2012","kg/ha","964.2","A","Official figure",""
"QCL","Crops and livestock products","566","Nigeria","5510","Production","0118","Millet","2012","2012","t","1280700","A","Official figure",""
"QCL","Crops and livestock products","566","Nigeria","5312","Area harvested","0118","Millet","2013","2013","ha","1485200","A","Official figure",""
"QCL","Crops and livestock products","566","Nigeria","5412","Yield","0118","Millet","2013","2013","kg/ha","612.4","A","Official figure",""
"QCL","Crops and livestock products","566","Nigeria","5510","Production","0118","Millet","2013","2013","t","909560","A","Official figure",""
"QCL","Crops and livestock products","566","Nigeria","5312","Area harvested","0118","Millet","2014","2014","ha","1574400","A","Official figure",""
"QCL","Crops and livestock products","566","Nigeria","5412","Yield","0118","Millet","2014","2014","kg/ha","1172.6","A","Official figure",""
"QCL","Crops and livestock products","566","Nigeria","5510","Production","0118","Millet","2014","2014","t","1846200","A","Official figure",""
"QCL","Crops and livestock products","566","Nigeria","5312","Area harvested","0118","Millet","2015","2015","ha","1742803","A","Official figure",""
"QCL","Crops and livestock products","566","Nigeria","5412","Yield","0118","Millet","2015","2015","kg/ha","1037.3","A","Official figure",""
"QCL","Crops and livestock products","566","Nigeria","5510","Production","0118","Millet","2015","2015","t","1807810","A","Official figure",""
"QCL","Crops and livestock products","566","Nigeria","5312","Area harvested","0118","Millet","2016","2016","ha","1737830","A","Official figure",""
"QCL","Crops and livestock products","566","Nigeria","5412","Yield","0118","Millet","2016","2016","kg/ha","855.8","A","Official figure",""
"QCL","Crops and livestock products","566","Nigeria","5510","Production","0118","Millet","2016","2016","t","1487220","A","Official figure",""
"QCL","Crops and livestock products","566","Nigeria","5312","Area harvested","0118","Millet","2017","2017","ha","1800069","A","Official figure",""
"QCL","Crops and livestock products","566","Nigeria","5412","Yield","0118","Millet","2017","2017","kg/ha","849","A","Official figure",""
"QCL","Crops and livestock products","566","Nigeria","5510","Production","0118","Millet","2017","2017","t","1528250","A","Official figure",""
"QCL","Crops and livestock products","566","Nigeria","5312","Area harvested","0118","Millet","2018","2018","ha","1734330","A","Official figure",""
"QCL","Crops and livestock products","566","Nigeria","5412","Yield","0118","Millet","2018","2018","kg/ha","1083.6","A","Official figure",""
"QCL","Crops and livestock products","566","Nigeria","5510","Production","0118","Millet","2018","2018","t","1879340","A","Official figure",""
"QCL","Crops and livestock products","566","Nigeria","5312","Area harvested","0118","Millet","2019","2019","ha","1747800","A","Official figure",""
"QCL","Crops and livestock products","566","Nigeria","5412","Yield","0118","Millet","2019","2019","kg/ha","1101.4","A","Official figure",""
"QCL","Crops and livestock products","566","Nigeria","5510","Production","0118","Millet","2019","2019","t","1925075","A","Official figure",""
"QCL","Crops and livestock products","566","Nigeria","5312","Area harvested","0118","Millet","2020","2020","ha","1762280","A","Official figure",""
"QCL","Crops and livestock products","566","Nigeria","5412","Yield","0118","Millet","2020","2020","kg/ha","1081.2","A","Official figure",""
"QCL","Crops and livestock products","566","Nigeria","5510","Production","0118","Millet","2020","2020","t","1905430","A","Official figure",""
"QCL","Crops and livestock products","566","Nigeria","5312","Area harvested","0118","Millet","2021","2021","ha","1767390","A","Official figure",""
"QCL","Crops and livestock products","566","Nigeria","5412","Yield","0118","Millet","2021","2021","kg/ha","1090.3","A","Official figure",""
"QCL","Crops and livestock products","566","Nigeria","5510","Production","0118","Millet","2021","2021","t","1926950","A","Official figure",""
"QCL","Crops and livestock products","566","Nigeria","5312","Area harvested","0118","Millet","2022","2022","ha","2000000","X","Figure from external organization","Unofficial figure"
"QCL","Crops and livestock products","566","Nigeria","5412","Yield","0118","Millet","2022","2022","kg/ha","970.6","X","Figure from external organization",""
"QCL","Crops and livestock products","566","Nigeria","5510","Production","0118","Millet","2022","2022","t","1941220","X","Figure from external organization","Unofficial figure"
"QCL","Crops and livestock products","566","Nigeria","5312","Area harvested","0118","Millet","2023","2023","ha","2000000","X","Figure from external organization","Unofficial figure"
"QCL","Crops and livestock products","566","Nigeria","5412","Yield","0118","Millet","2023","2023","kg/ha","779.5","X","Figure from external organization",""
"QCL","Crops and livestock products","566","Nigeria","5510","Production","0118","Millet","2023","2023","t","1559000","X","Figure from external organization","Unofficial figure"
"QCL","Crops and livestock products","566","Nigeria","5312","Area harvested","0113","Rice","1990","1990","ha","1208000","A","Official figure",""
"QCL","Crops and livestock products","566","Nigeria","5412","Yield","0113","Rice","1990","1990","kg/ha","2069.5","A","Official figure",""
"QCL","Crops and livestock products","566","Nigeria","5510","Production","0113","Rice","1990","1990","t","2500000","A","Official figure",""
"QCL","Crops and livestock products","566","Nigeria","5312","Area harvested","0113","Rice","1991","1991","ha","1652000","A","Official figure",""
"QCL","Crops and livestock products","566","Nigeria","5412","Yield","0113","Rice","1991","1991","kg/ha","1952.8","A","Official figure",""
"QCL","Crops and livestock products","566","Nigeria","5510","Production","0113","Rice","1991","1991","t","3226000","A","Official figure",""
"QCL","Crops and livestock products","566","Nigeria","5312","Area harvested","0113","Rice","1992","1992","ha","1664000","A","Official figure",""
"QCL","Crops and livestock products","566","Nigeria","5412","Yield","0113","Rice","1992","1992","kg/ha","1959.1","A","Official figure",""
"QCL","Crops and livestock products","566","Nigeria","5510","Production","0113","Rice","1992","1992","t","3260000","A","Official figure",""
"QCL","Crops and livestock products","566","Nigeria","5312","Area harvested","0113","Rice","1993","1993","ha","1564000","A","Official figure",""
"QCL","Crops and livestock products","566","Nigeria","5412","Yield","0113","Rice","1993","1993","kg/ha","1959.7","A","Official figure",""
"QCL","Crops and livestock products","566","Nigeria","5510","Production","0113","Rice","1993","1993","t","3065000","A","Official figure",""
"QCL","Crops and livestock products","566","Nigeria","5312","Area harvested","0113","Rice","1994","1994","ha","1714000","A","Official figure",""
"QCL","Crops and livestock products","566","Nigeria","5412","Yield","0113","Rice","1994","1994","kg/ha","1416","A","Official figure",""
"QCL","Crops and livestock products","566","Nigeria","5510","Production","0113","Rice","1994","1994","t","2427000","A","Official figure",""
"QCL","Crops and livestock products","566","Nigeria","5312","Area harvested","0113","Rice","1995","1995","ha","1796000","A","Official figure",""
"QCL","Crops and livestock products","566","Nigeria","5412","Yield","0113","Rice","1995","1995","kg/ha","1625.8","A","Official figure",""
"QCL","Crops and livestock products","566","Nigeria","5510","Production","0113","Rice","1995","1995","t","2920000","A","Official figure",""
"QCL","Crops and livestock products","566","Nigeria","5312","Area harvested","0113","Rice","1996","1996","ha","1784200","A","Official figure",""
"QCL","Crops and livestock products","566","Nigeria","5412","Yield","0113","Rice","1996","1996","kg/ha","1749.8","A","Official figure",""
"QCL","Crops and livestock products","566","Nigeria","5510","Production","0113","Rice","1996","1996","t","3122000","A","Official figure",""
"QCL","Crops and livestock products","566","Nigeria","5312","Area harvested","0113","Rice","1997","1997","ha","2048000","A","Official figure",""
"QCL","Crops and livestock products","566","Nigeria","5412","Yield","0113","Rice","1997","1997","kg/ha","1595.7","A","Official figure",""
"QCL","Crops and livestock products","566","Nigeria","5510","Production","0113","Rice","1997","1997","t","3268000","A","Official figure",""
"QCL","Crops and livestock products","566","Nigeria","5312","Area harvested","0113","Rice","1998","1998","ha","2044000","A","Official figure",""
"QCL","Crops and livestock products","566","Nigeria","5412","Yield","0113","Rice","1998","1998","kg/ha","1602.3","A","Official figure",""
"QCL","Crops and livestock products","566","Nigeria","5510","Production","0113","Rice","1998","1998","t","3275000","A","Official figure",""
"QCL","Crops and livestock products","566","Nigeria","5312","Area harvested","0113","Rice","1999","1999","ha","2191000","A","Official figure",""
"QCL","Crops and livestock products","566","Nigeria","5412","Yield","0113","Rice","1999","1999","kg/ha","1495.7","A","Official figure",""
"QCL","Crops and livestock products","566","Nigeria","5510","Production","0113","Rice","1999","1999","t","3277000","A","Official figure",""
"QCL","Crops and livestock products","566","Nigeria","5312","Area harvested","0113","Rice","2000","2000","ha","2199000","A","Official figure",""
"QCL","Crops and livestock products","566","Nigeria","5412","Yield","0113","Rice","2000","2000","kg/ha","1499.8","A","Official figure",""
"QCL","Crops and livestock products","566","Nigeria","5510","Production","0113","Rice","2000","2000","t","3298000","A","Official figure",""
"QCL","Crops and livestock products","566","Nigeria","5312","Area harvested","0113","Rice","2001","2001","ha","2117000","A","Official figure",""
"QCL","Crops and livestock products","566","Nigeria","5412","Yield","0113","Rice","2001","2001","kg/ha","1300","A","Official figure",""
"QCL","Crops and livestock products","566","Nigeria","5510","Production","0113","Rice","2001","2001","t","2752000","A","Official figure",""
"QCL","Crops and livestock products","566","Nigeria","5312","Area harvested","0113","Rice","2002","2002","ha","2185000","A","Official figure",""
"QCL","Crops and livestock products","566","Nigeria","5412","Yield","0113","Rice","2002","2002","kg/ha","1340","A","Official figure",""
"QCL","Crops and livestock products","566","Nigeria","5510","Production","0113","Rice","2002","2002","t","2928000","A","Official figure",""
"QCL","Crops and livestock products","566","Nigeria","5312","Area harvested","0113","Rice","2003","2003","ha","2210000","A","Official figure",""
"QCL","Crops and livestock products","566","Nigeria","5412","Yield","0113","Rice","2003","2003","kg/ha","1410","A","Official figure",""
"QCL","Crops and livestock products","566","Nigeria","5510","Production","0113","Rice","2003","2003","t","3116000","A","Official figure",""
"QCL","Crops and livestock products","566","Nigeria","5312","Area harvested","0113","Rice","2004","2004","ha","2348000","A","Official figure",""
"QCL","Crops and livestock products","566","Nigeria","5412","Yield","0113","Rice","2004","2004","kg/ha","1419.9","A","Official figure",""
"QCL","Crops and livestock products","566","Nigeria","5510","Production","0113","Rice","2004","2004","t","3334000","A","Official figure",""
"QCL","Crops and livestock products","566","Nigeria","5312","Area harvested","0113","Rice","2005","2005","ha","2494000","A","Official figure",""
"QCL","Crops and livestock products","566","Nigeria","5412","Yield","0113","Rice","2005","2005","kg/ha","1430.2","A","Official figure",""
"QCL","Crops and livestock products","566","Nigeria","5510","Production","0113","Rice","2005","2005","t","3567000","A","Official figure",""
"QCL","Crops and livestock products","566","Nigeria","5312","Area harvested","0113","Rice","2006","2006","ha","2725000","A","Official figure",""
"QCL","Crops and livestock products","566","Nigeria","5412","Yield","0113","Rice","2006","2006","kg/ha","1483.3","A","Official figure",""
"QCL","Crops and livestock products","566","Nigeria","5510","Production","0113","Rice","2006","2006","t","4042000","A","Official figure",""
"QCL","Crops and livestock products","566","Nigeria","5312","Area harvested","0113","Rice","2007","2007","ha","2451000","A","Official figure",""
"QCL","Crops and livestock products","566","Nigeria","5412","Yield","0113","Rice","2007","2007","kg/ha","1299.9","A","Official figure",""
"QCL","Crops and livestock products","566","Nigeria","5510","Production","0113","Rice","2007","2007","t","3186000","A","Official figure",""
"QCL","Crops and livestock products","566","Nigeria","5312","Area harvested","0113","Rice","2008","2008","ha","2382000","A","Official figure",""
"QCL","Crops and livestock products","566","Nigeria","5412","Yield","0113","Rice","2008","2008","kg/ha","1754.4","A","Official figure",""
"QCL","Crops and livestock products","566","Nigeria","5510","Production","0113","Rice","2008","2008","t","4179000","A","Official figure",""
"QCL","Crops and livestock products","566","Nigeria","5312","Area harvested","0113","Rice","2009","2009","ha","1836880","A","Official figure",""
"QCL","Crops and livestock products","566","Nigeria","5412","Yield","0113","Rice","2009","2009","kg/ha","1930.6","A","Official figure",""
"QCL","Crops and livestock products","566","Nigeria","5510","Production","0113","Rice","2009","2009","t","3546250","A","Official figure",""
"QCL","Crops and livestock products","566","Nigeria","5312","Area harvested","0113","Rice","2010","2010","ha","2432630","A","Official figure",""
"QCL","Crops and livestock products","566","Nigeria","5412","Yield","0113","Rice","2010","2010","kg/ha","1838.6","A","Official figure",""
"QCL","Crops and livestock products","566","Nigeria","5510","Production","0113","Rice","2010","2010","t","4472520","A","Official figure",""
"QCL","Crops and livestock products","566","Nigeria","5312","Area harvested","0113","Rice","2011","2011","ha","2269410","A","Official figure",""
"QCL","Crops and livestock products","566","Nigeria","5412","Yield","0113","Rice","2011","2011","kg/ha","2032.5","A","Official figure",""
"QCL","Crops and livestock products","566","Nigeria","5510","Production","0113","Rice","2011","2011","t","4612614","A","Official figure",""
"QCL","Crops and livestock products","566","Nigeria","5312","Area harvested","0113","Rice","2012","2012","ha","2863815","A","Official figure",""
"QCL","Crops and livestock products","566","Nigeria","5412","Yield","0113","Rice","2012","2012","kg/ha","1897.1","A","Official figure",""
"QCL","Crops and livestock products","566","Nigeria","5510","Production","0113","Rice","2012","2012","t","5432930","A","Official figure",""
"QCL","Crops and livestock products","566","Nigeria","5312","Area harvested","0113","Rice","2013","2013","ha","2931800","A","Official figure",""
"QCL","Crops and livestock products","566","Nigeria","5412","Yield","0113","Rice","2013","2013","kg/ha","1984.5","A","Official figure",""
"QCL","Crops and livestock products","566","Nigeria","5510","Production","0113","Rice","2013","2013","t","5818200","A","Official figure",""
"QCL","Crops and livestock products","566","Nigeria","5312","Area harvested","0113","Rice","2014","2014","ha","3095900","A","Official figure",""
"QCL","Crops and livestock products","566","Nigeria","5412","Yield","0113","Rice","2014","2014","kg/ha","2160.9","A","Official figure",""
"QCL","Crops and livestock products","566","Nigeria","5510","Production","0113","Rice","2014","2014","t","6690000","A","Official figure",""
"QCL","Crops and livestock products","566","Nigeria","5312","Area harvested","0113","Rice","2015","2015","ha","3651200","A","Official figure",""
"QCL","Crops and livestock products","566","Nigeria","5412","Yield","0113","Rice","2015","2015","kg/ha","2074.2","A","Official figure",""
"QCL","Crops and livestock products","566","Nigeria","5510","Production","0113","Rice","2015","2015","t","7573400","A","Official figure",""
"QCL","Crops and livestock products","566","Nigeria","5312","Area harvested","0113","Rice","2016","2016","ha","3898900","A","Official figure",""
"QCL","Crops and livestock products","566","Nigeria","5412","Yield","0113","Rice","2016","2016","kg/ha","2003.7","A","Official figure",""
"QCL","Crops and livestock products","566","Nigeria","5510","Production","0113","Rice","2016","2016","t","7812200","A","Official figure",""
"QCL","Crops and livestock products","566","Nigeria","5312","Area harvested","0113","Rice","2017","2017","ha","3765000","A","Official figure",""
"QCL","Crops and livestock products","566","Nigeria","5412","Yield","0113","Rice","2017","2017","kg/ha","2081","A","Official figure",""
"QCL","Crops and livestock products","566","Nigeria","5510","Production","0113","Rice","2017","2017","t","7835100","A","Official figure",""
"QCL","Crops and livestock products","566","Nigeria","5312","Area harvested","0113","Rice","2018","2018","ha","4065500","A","Official figure",""
"QCL","Crops and livestock products","566","Nigeria","5412","Yield","0113","Rice","2018","2018","kg/ha","2067","A","Official figure",""
"QCL","Crops and livestock products","566","Nigeria","5510","Production","0113","Rice","2018","2018","t","8403300","A","Official figure",""
"QCL","Crops and livestock products","566","Nigeria","5312","Area harvested","0113","Rice","2019","2019","ha","4126670","A","Official figure",""
"QCL","Crops and livestock products","566","Nigeria","5412","Yield","0113","Rice","2019","2019","kg/ha","2044.1","A","Official figure",""
"QCL","Crops and livestock products","566","Nigeria","5510","Production","0113","Rice","2019","2019","t","8435510","A","Official figure",""
"QCL","Crops and livestock products","566","Nigeria","5312","Area harvested","0113","Rice","2020","2020","ha","4195100","A","Official figure",""
"QCL","Crops and livestock products","566","Nigeria","5412","Yield","0113","Rice","2020","2020","kg/ha","1947.9","A","Official figure",""
"QCL","Crops and livestock products","566","Nigeria","5510","Production","0113","Rice","2020","2020","t","8171800","A","Official figure",""
"QCL","Crops and livestock products","566","Nigeria","5312","Area harvested","0113","Rice","2021","2021","ha","4320100","A","Official figure",""
"QCL","Crops and livestock products","566","Nigeria","5412","Yield","0113","Rice","2021","2021","kg/ha","1931","A","Official figure",""
"QCL","Crops and livestock products","566","Nigeria","5510","Production","0113","Rice","2021","2021","t","8342000","A","Official figure",""
"QCL","Crops and livestock products","566","Nigeria","5312","Area harvested","0113","Rice","2022","2022","ha","4580000","A","Official figure",""
"QCL","Crops and livestock products","566","Nigeria","5412","Yield","0113","Rice","2022","2022","kg/ha","1856.3","A","Official figure",""
"QCL","Crops and livestock products","566","Nigeria","5510","Production","0113","Rice","2022","2022","t","8502000","A","Official figure",""
"QCL","Crops and livestock products","566","Nigeria","5312","Area harvested","0113","Rice","2023","2023","ha","4509800","A","Official figure",""
"QCL","Crops and livestock products","566","Nigeria","5412","Yield","0113","Rice","2023","2023","kg/ha","1974","A","Official figure",""
"QCL","Crops and livestock products","566","Nigeria","5510","Production","0113","Rice","2023","2023","t","8902200","A","Official figure",""
"QCL","Crops and livestock products","566","Nigeria","5312","Area harvested","0114","Sorghum","1990","1990","ha","4185000","A","Official figure",""
"QCL","Crops and livestock products","566","Nigeria","5412","Yield","0114","Sorghum","1990","1990","kg/ha","1000","A","Official figure",""
"QCL","Crops and livestock products","566","Nigeria","5510","Production","0114","Sorghum","1990","1990","t","4185000","A","Official figure",""
"QCL","Crops and livestock products","566","Nigeria","5312","Area harvested","0114","Sorghum","1991","1991","ha","5538000","A","Official figure",""
"QCL","Crops and livestock products","566","Nigeria","5412","Yield","0114","Sorghum","1991","1991","kg/ha","969.1","A","Official figure",""
"QCL","Crops and livestock products","566","Nigeria","5510","Production","0114","Sorghum","1991","1991","t","5367000","A","Official figure",""
"QCL","Crops and livestock products","566","Nigeria","5312","Area harvested","0114","Sorghum","1992","1992","ha","5474000","A","Official figure",""
"QCL","Crops and livestock products","566","Nigeria","5412","Yield","0114","Sorghum","1992","1992","kg/ha","1079.5","A","Official figure",""
"QCL","Crops and livestock products","566","Nigeria","5510","Production","0114","Sorghum","1992","1992","t","5909000","A","Official figure",""
"QCL","Crops and livestock products","566","Nigeria","5312","Area harvested","0114","Sorghum","1993","1993","ha","5605000","A","Official figure",""
"QCL","Crops and livestock products","566","Nigeria","5412","Yield","0114","Sorghum","1993","1993","kg/ha","1079.6","A","Official figure",""
"QCL","Crops and livestock products","566","Nigeria","5510","Production","0114","Sorghum","1993","1993","t","6051000","A","Official figure",""
"QCL","Crops and livestock products","566","Nigeria","5312","Area harvested","0114","Sorghum","1994","1994","ha","5738000","A","Official figure",""
"QCL","Crops and livestock products","566","Nigeria","5412","Yield","0114","Sorghum","1994","1994","kg/ha","1080","A","Official figure",""
"QCL","Crops and livestock products","566","Nigeria","5510","Production","0114","Sorghum","1994","1994","t","6197000","A","Official figure",""
"QCL","Crops and livestock products","566","Nigeria","5312","Area harvested","0114","Sorghum","1995","1995","ha","6095000","A","Official figure",""
"QCL","Crops and livestock products","566","Nigeria","5412","Yield","0114","Sorghum","1995","1995","kg/ha","1148","A","Official figure",""
"QCL","Crops and livestock products","566","Nigeria","5510","Production","0114","Sorghum","1995","1995","t","6997000","A","Official figure",""
"QCL","Crops and livestock products","566","Nigeria","5312","Area harvested","0114","Sorghum","1996","1996","ha","6191000","A","Official figure",""
"QCL","Crops and livestock products","566","Nigeria","5412","Yield","0114","Sorghum","1996","1996","kg/ha","1144.2","A","Official figure",""
"QCL","Crops and livestock products","566","Nigeria","5510","Production","0114","Sorghum","1996","1996","t","7084000","A","Official figure",""
"QCL","Crops and livestock products","566","Nigeria","5312","Area harvested","0114","Sorghum","1997","1997","ha","6589000","A","Official figure",""
"QCL","Crops and livestock products","566","Nigeria","5412","Yield","0114","Sorghum","1997","1997","kg/ha","1107.5","A","Official figure",""
"QCL","Crops and livestock products","566","Nigeria","5510","Production","0114","Sorghum","1997","1997","t","7297000","A","Official figure",""
"QCL","Crops and livestock products","566","Nigeria","5312","Area harvested","0114","Sorghum","1998","1998","ha","6635000","A","Official figure",""
"QCL","Crops and livestock products","566","Nigeria","5412","Yield","0114","Sorghum","1998","1998","kg/ha","1132.8","A","Official figure",""
"QCL","Crops and livestock products","566","Nigeria","5510","Production","0114","Sorghum","1998","1998","t","7516000","A","Official figure",""
"QCL","Crops and livestock products","566","Nigeria","5312","Area harvested","0114","Sorghum","1999","1999","ha","6678000","A","Official figure",""
"QCL","Crops and livestock products","566","Nigeria","5412","Yield","0114","Sorghum","1999","1999","kg/ha","1126.1","A","Official figure",""
"QCL","Crops and livestock products","566","Nigeria","5510","Production","0114","Sorghum","1999","1999","t","7520000","A","Official figure",""
"QCL","Crops and livestock products","566","Nigeria","5312","Area harvested","0114","Sorghum","2000","2000","ha","6885000","A","Official figure",""
"QCL","Crops and livestock products","566","Nigeria","5412","Yield","0114","Sorghum","2000","2000","kg/ha","1120","A","Official figure",""
"QCL","Crops and livestock products","566","Nigeria","5510","Production","0114","Sorghum","2000","2000","t","7711000","A","Official figure",""
"QCL","Crops and livestock products","566","Nigeria","5312","Area harvested","0114","Sorghum","2001","2001","ha","6437000","A","Official figure",""
"QCL","Crops and livestock products","566","Nigeria","5412","Yield","0114","Sorghum","2001","2001","kg/ha","1100","A","Official figure",""
"QCL","Crops and livestock products","566","Nigeria","5510","Production","0114","Sorghum","2001","2001","t","7081000","A","Official figure",""
"QCL","Crops and livestock products","566","Nigeria","5312","Area harvested","0114","Sorghum","2002","2002","ha","6849000","A","Official figure",""
"QCL","Crops and livestock products","566","Nigeria","5412","Yield","0114","Sorghum","2002","2002","kg/ha","1100","A","Official figure",""
"QCL","Crops and livestock products","566","Nigeria","5510","Production","0114","Sorghum","2002","2002","t","7534000","A","Official figure",""
"QCL","Crops and livestock products","566","Nigeria","5312","Area harvested","0114","Sorghum","2003","2003","ha","6935000","A","Official figure",""
"QCL","Crops and livestock products","566","Nigeria","5412","Yield","0114","Sorghum","2003","2003","kg/ha","1155.9","A","Official figure",""
"QCL","Crops and livestock products","566","Nigeria","5510","Production","0114","Sorghum","2003","2003","t","8016000","A","Official figure",""
"QCL","Crops and livestock products","566","Nigeria","5312","Area harvested","0114","Sorghum","2004","2004","ha","7031000","A","Official figure",""
"QCL","Crops and livestock products","566","Nigeria","5412","Yield","0114","Sorghum","2004","2004","kg/ha","1220","A","Official figure",""
"QCL","Crops and livestock products","566","Nigeria","5510","Production","0114","Sorghum","2004","2004","t","8578000","A","Official figure",""
"QCL","Crops and livestock products","566","Nigeria","5312","Area harvested","0114","Sorghum","2005","2005","ha","7284000","A","Official figure",""
"QCL","Crops and livestock products","566","Nigeria","5412","Yield","0114","Sorghum","2005","2005","kg/ha","1260","A","Official figure",""
"QCL","Crops and livestock products","566","Nigeria","5510","Production","0114","Sorghum","2005","2005","t","9178000","A","Official figure",""
"QCL","Crops and livestock products","566","Nigeria","5312","Area harvested","0114","Sorghum","2006","2006","ha","7308000","A","Official figure",""
"QCL","Crops and livestock products","566","Nigeria","5412","Yield","0114","Sorghum","2006","2006","kg/ha","1350","A","Official figure",""
"QCL","Crops and livestock products","566","Nigeria","5510","Production","0114","Sorghum","2006","2006","t","9866000","A","Official figure",""
"QCL","Crops and livestock products","566","Nigeria","5312","Area harvested","0114","Sorghum","2007","2007","ha","7812000","A","Official figure",""
"QCL","Crops and livestock products","566","Nigeria","5412","Yield","0114","Sorghum","2007","2007","kg/ha","1159.5","A","Official figure",""
"QCL","Crops and livestock products","566","Nigeria","5510","Production","0114","Sorghum","2007","2007","t","9058000","A","Official figure",""
"QCL","Crops and livestock products","566","Nigeria","5312","Area harvested","0114","Sorghum","2008","2008","ha","7617000","A","Official figure",""
"QCL","Crops and livestock products","566","Nigeria","5412","Yield","0114","Sorghum","2008","2008","kg/ha","1223.3","A","Official figure",""
"QCL","Crops and livestock products","566","Nigeria","5510","Production","0114","Sorghum","2008","2008","t","9318000","A","Official figure",""
"QCL","Crops and livestock products","566","Nigeria","5312","Area harvested","0114","Sorghum","2009","2009","ha","4736830","A","Official figure",""
"QCL","Crops and livestock products","566","Nigeria","5412","Yield","0114","Sorghum","2009","2009","kg/ha","1114.5","A","Official figure",""
"QCL","Crops and livestock products","566","Nigeria","5510","Production","0114","Sorghum","2009","2009","t","5279170","A","Official figure",""
"QCL","Crops and livestock products","566","Nigeria","5312","Area harvested","0114","Sorghum","2010","2010","ha","4960130","A","Official figure",""
"QCL","Crops and livestock products","566","Nigeria","5412","Yield","0114","Sorghum","2010","2010","kg/ha","1439.7","A","Official figure",""
"QCL","Crops and livestock products","566","Nigeria","5510","Production","0114","Sorghum","2010","2010","t","7140970","A","Official figure",""
"QCL","Crops and livestock products","566","Nigeria","5312","Area harvested","0114","Sorghum","2011","2011","ha","4661867","A","Official figure",""
"QCL","Crops and livestock products","566","Nigeria","5412","Yield","0114","Sorghum","2011","2011","kg/ha","1220.6","A","Official figure",""
"QCL","Crops and livestock products","566","Nigeria","5510","Production","0114","Sorghum","2011","2011","t","5690145","A","Official figure",""
"QCL","Crops and livestock products","566","Nigeria","5312","Area harvested","0114","Sorghum","2012","2012","ha","5099975","A","Official figure",""
"QCL","Crops and livestock products","566","Nigeria","5412","Yield","0114","Sorghum","2012","2012","kg/ha","1144.5","A","Official figure",""
"QCL","Crops and livestock products","566","Nigeria","5510","Production","0114","Sorghum","2012","2012","t","5837106","A","Official figure",""
"QCL","Crops and livestock products","566","Nigeria","5312","Area harvested","0114","Sorghum","2013","2013","ha","5449200","A","Official figure",""
"QCL","Crops and livestock products","566","Nigeria","5412","Yield","0114","Sorghum","2013","2013","kg/ha","972.7","A","Official figure",""
"QCL","Crops and livestock products","566","Nigeria","5510","Production","0114","Sorghum","2013","2013","t","5300270","A","Official figure",""
"QCL","Crops and livestock products","566","Nigeria","5312","Area harvested","0114","Sorghum","2014","2014","ha","5702160","A","Official figure",""
"QCL","Crops and livestock products","566","Nigeria","5412","Yield","0114","Sorghum","2014","2014","kg/ha","1207.1","A","Official figure",""
"QCL","Crops and livestock products","566","Nigeria","5510","Production","0114","Sorghum","2014","2014","t","6883294","A","Official figure",""
"QCL","Crops and livestock products","566","Nigeria","5312","Area harvested","0114","Sorghum","2015","2015","ha","5899134","A","Official figure",""
"QCL","Crops and livestock products","566","Nigeria","5412","Yield","0114","Sorghum","2015","2015","kg/ha","1187.5","A","Official figure",""
"QCL","Crops and livestock products","566","Nigeria","5510","Production","0114","Sorghum","2015","2015","t","7005025","A","Official figure",""
"QCL","Crops and livestock products","566","Nigeria","5312","Area harvested","0114","Sorghum","2016","2016","ha","5472010","A","Official figure",""
"QCL","Crops and livestock products","566","Nigeria","5412","Yield","0114","Sorghum","2016","2016","kg/ha","1380.9","A","Official figure",""
"QCL","Crops and livestock products","566","Nigeria","5510","Production","0114","Sorghum","2016","2016","t","7556076","A","Official figure",""
"QCL","Crops and livestock products","566","Nigeria","5312","Area harvested","0114","Sorghum","2017","2017","ha","5820000","A","Official figure",""
"QCL","Crops and livestock products","566","Nigeria","5412","Yield","0114","Sorghum","2017","2017","kg/ha","1192.3","A","Official figure",""
"QCL","Crops and livestock products","566","Nigeria","5510","Production","0114","Sorghum","2017","2017","t","6939000","A","Official figure",""
"QCL","Crops and livestock products","566","Nigeria","5312","Area harvested","0114","Sorghum","2018","2018","ha","5628899","I","Value imputed by a receiving agency",""
"QCL","Crops and livestock products","566","Nigeria","5412","Yield","0114","Sorghum","2018","2018","kg/ha","1208.1","E","Estimated value",""
"QCL","Crops and livestock products","566","Nigeria","5510","Production","0114","Sorghum","2018","2018","t","6800000","X","Figure from external organization","Unofficial figure"
"QCL","Crops and livestock products","566","Nigeria","5312","Area harvested","0114","Sorghum","2019","2019","ha","5397000","X","Figure from external organization","Unofficial figure"
"QCL","Crops and livestock products","566","Nigeria","5412","Yield","0114","Sorghum","2019","2019","kg/ha","1234.9","X","Figure from external organization",""
"QCL","Crops and livestock products","566","Nigeria","5510","Production","0114","Sorghum","2019","2019","t","6665000","X","Figure from external organization","Unofficial figure"
"QCL","Crops and livestock products","566","Nigeria","5312","Area harvested","0114","Sorghum","2020","2020","ha","5799600","A","Official figure",""
"QCL","Crops and livestock products","566","Nigeria","5412","Yield","0114","Sorghum","2020","2020","kg/ha","1136.4","A","Official figure",""
"QCL","Crops and livestock products","566","Nigeria","5510","Production","0114","Sorghum","2020","2020","t","6590600","A","Official figure",""
"QCL","Crops and livestock products","566","Nigeria","5312","Area harvested","0114","Sorghum","2021","2021","ha","5930900","A","Official figure",""
"QCL","Crops and livestock products","566","Nigeria","5412","Yield","0114","Sorghum","2021","2021","kg/ha","1134","A","Official figure",""
"QCL","Crops and livestock products","566","Nigeria","5510","Production","0114","Sorghum","2021","2021","t","6725500","A","Official figure",""
"QCL","Crops and livestock products","566","Nigeria","5312","Area harvested","0114","Sorghum","2022","2022","ha","5700000","X","Figure from external organization","Unofficial figure"
"QCL","Crops and livestock products","566","Nigeria","5412","Yield","0114","Sorghum","2022","2022","kg/ha","1194.1","X","Figure from external organization",""
"QCL","Crops and livestock products","566","Nigeria","5510","Production","0114","Sorghum","2022","2022","t","6806370","X","Figure from external organization","Unofficial figure"
"QCL","Crops and livestock products","566","Nigeria","5312","Area harvested","0114","Sorghum","2023","2023","ha","5700000","X","Figure from external organization","Unofficial figure"
"QCL","Crops and livestock products","566","Nigeria","5412","Yield","0114","Sorghum","2023","2023","kg/ha","1123.2","X","Figure from external organization",""
"QCL","Crops and livestock products","566","Nigeria","5510","Production","0114","Sorghum","2023","2023","t","6402000","X","Figure from external organization","Unofficial figure"
"QCL","Crops and livestock products","566","Nigeria","5312","Area harvested","01540","Yams","1990","1990","ha","1276000","A","Official figure",""
"QCL","Crops and livestock products","566","Nigeria","5412","Yield","01540","Yams","1990","1990","kg/ha","10677.1","A","Official figure",""
"QCL","Crops and livestock products","566","Nigeria","5510","Production","01540","Yams","1990","1990","t","13624000","A","Official figure",""
"QCL","Crops and livestock products","566","Nigeria","5312","Area harvested","01540","Yams","1991","1991","ha","1639000","A","Official figure",""
"QCL","Crops and livestock products","566","Nigeria","5412","Yield","01540","Yams","1991","1991","kg/ha","10345.3","A","Official figure",""
"QCL","Crops and livestock products","566","Nigeria","5510","Production","01540","Yams","1991","1991","t","16956000","A","Official figure",""
"QCL","Crops and livestock products","566","Nigeria","5312","Area harvested","01540","Yams","1992","1992","ha","1743000","A","Official figure",""
"QCL","Crops and livestock products","566","Nigeria","5412","Yield","01540","Yams","1992","1992","kg/ha","11348.8","A","Official figure",""
"QCL","Crops and livestock products","566","Nigeria","5510","Production","01540","Yams","1992","1992","t","19781000","A","Official figure",""
"QCL","Crops and livestock products","566","Nigeria","5312","Area harvested","01540","Yams","1993","1993","ha","1906000","A","Official figure",""
"QCL","Crops and livestock products","566","Nigeria","5412","Yield","01540","Yams","1993","1993","kg/ha","11349.4","A","Official figure",""
"QCL","Crops and livestock products","566","Nigeria","5510","Production","01540","Yams","1993","1993","t","21632000","A","Official figure",""
"QCL","Crops and livestock products","566","Nigeria","5312","Area harvested","01540","Yams","1994","1994","ha","2031000","A","Official figure",""
"QCL","Crops and livestock products","566","Nigeria","5412","Yield","01540","Yams","1994","1994","kg/ha","11399.8","A","Official figure",""
"QCL","Crops and livestock products","566","Nigeria","5510","Production","01540","Yams","1994","1994","t","23153000","A","Official figure",""
"QCL","Crops and livestock products","566","Nigeria","5312","Area harvested","01540","Yams","1995","1995","ha","2118000","A","Official figure",""
"QCL","Crops and livestock products","566","Nigeria","5412","Yield","01540","Yams","1995","1995","kg/ha","10773.4","A","Official figure",""
"QCL","Crops and livestock products","566","Nigeria","5510","Production","01540","Yams","1995","1995","t","22818000","A","Official figure",""
"QCL","Crops and livestock products","566","Nigeria","5312","Area harvested","01540","Yams","1996","1996","ha","2172000","A","Official figure",""
"QCL","Crops and livestock products","566","Nigeria","5412","Yield","01540","Yams","1996","1996","kg/ha","10681.9","A","Official figure",""
"QCL","Crops and livestock products","566","Nigeria","5510","Production","01540","Yams","1996","1996","t","23201000","A","Official figure",""
"QCL","Crops and livestock products","566","Nigeria","5312","Area harvested","01540","Yams","1997","1997","ha","2169890","A","Official figure",""
"QCL","Crops and livestock products","566","Nigeria","5412","Yield","01540","Yams","1997","1997","kg/ha","11047.6","A","Official figure",""
"QCL","Crops and livestock products","566","Nigeria","5510","Production","01540","Yams","1997","1997","t","23972000","A","Official figure",""
"QCL","Crops and livestock products","566","Nigeria","5312","Area harvested","01540","Yams","1998","1998","ha","2625000","A","Official figure",""
"QCL","Crops and livestock products","566","Nigeria","5412","Yield","01540","Yams","1998","1998","kg/ha","9435.4","A","Official figure",""
"QCL","Crops and livestock products","566","Nigeria","5510","Production","01540","Yams","1998","1998","t","24768000","A","Official figure",""
"QCL","Crops and livestock products","566","Nigeria","5312","Area harvested","01540","Yams","1999","1999","ha","2613000","A","Official figure",""
"QCL","Crops and livestock products","566","Nigeria","5412","Yield","01540","Yams","1999","1999","kg/ha","9901.6","A","Official figure",""
"QCL","Crops and livestock products","566","Nigeria","5510","Production","01540","Yams","1999","1999","t","25873000","A","Official figure",""
"QCL","Crops and livestock products","566","Nigeria","5312","Area harvested","01540","Yams","2000","2000","ha","2647000","A","Official figure",""
"QCL","Crops and livestock products","566","Nigeria","5412","Yield","01540","Yams","2000","2000","kg/ha","9898.4","A","Official figure",""
"QCL","Crops and livestock products","566","Nigeria","5510","Production","01540","Yams","2000","2000","t","26201000","A","Official figure",""
"QCL","Crops and livestock products","566","Nigeria","5312","Area harvested","01540","Yams","2001","2001","ha","2677000","A","Official figure",""
"QCL","Crops and livestock products","566","Nigeria","5412","Yield","01540","Yams","2001","2001","kg/ha","9799","A","Official figure",""
"QCL","Crops and livestock products","566","Nigeria","5510","Production","01540","Yams","2001","2001","t","26232000","A","Official figure",""
"QCL","Crops and livestock products","566","Nigeria","5312","Area harvested","01540","Yams","2002","2002","ha","2794000","A","Official figure",""
"QCL","Crops and livestock products","566","Nigeria","5412","Yield","01540","Yams","2002","2002","kg/ha","9989.6","A","Official figure",""
"QCL","Crops and livestock products","566","Nigeria","5510","Production","01540","Yams","2002","2002","t","27911000","A","Official figure",""
"QCL","Crops and livestock products","566","Nigeria","5312","Area harvested","01540","Yams","2003","2003","ha","2828000","A","Official figure",""
"QCL","Crops and livestock products","566","Nigeria","5412","Yield","01540","Yams","2003","2003","kg/ha","10501.1","A","Official figure",""
"QCL","Crops and livestock products","566","Nigeria","5510","Production","01540","Yams","2003","2003","t","29697000","A","Official figure",""
"QCL","Crops and livestock products","566","Nigeria","5312","Area harvested","01540","Yams","2004","2004","ha","2837000","A","Official figure",""
"QCL","Crops and livestock products","566","Nigeria","5412","Yield","01540","Yams","2004","2004","kg/ha","11200.6","A","Official figure",""
"QCL","Crops and livestock products","566","Nigeria","5510","Production","01540","Yams","2004","2004","t","31776000","A","Official figure",""
"QCL","Crops and livestock products","566","Nigeria","5312","Area harvested","01540","Yams","2005","2005","ha","2957000","A","Official figure",""
"QCL","Crops and livestock products","566","Nigeria","5412","Yield","01540","Yams","2005","2005","kg/ha","11498.1","A","Official figure",""
"QCL","Crops and livestock products","566","Nigeria","5510","Production","01540","Yams","2005","2005","t","34000000","A","Official figure",""
"QCL","Crops and livestock products","566","Nigeria","5312","Area harvested","01540","Yams","2006","2006","ha","3035000","A","Official figure",""
"QCL","Crops and livestock products","566","Nigeria","5412","Yield","01540","Yams","2006","2006","kg/ha","12098.8","A","Official figure",""
"QCL","Crops and livestock products","566","Nigeria","5510","Production","01540","Yams","2006","2006","t","36720000","A","Official figure",""
"QCL","Crops and livestock products","566","Nigeria","5312","Area harvested","01540","Yams","2007","2007","ha","3123000","A","Official figure",""
"QCL","Crops and livestock products","566","Nigeria","5412","Yield","01540","Yams","2007","2007","kg/ha","9969.9","A","Official figure",""
"QCL","Crops and livestock products","566","Nigeria","5510","Production","01540","Yams","2007","2007","t","31136000","A","Official figure",""
"QCL","Crops and livestock products","566","Nigeria","5312","Area harvested","01540","Yams","2008","2008","ha","3045000","A","Official figure",""
"QCL","Crops and livestock products","566","Nigeria","5412","Yield","01540","Yams","2008","2008","kg/ha","11499.8","A","Official figure",""
"QCL","Crops and livestock products","566","Nigeria","5510","Production","01540","Yams","2008","2008","t","35017000","A","Official figure",""
"QCL","Crops and livestock products","566","Nigeria","5312","Area harvested","01540","Yams","2009","2009","ha","2776020","A","Official figure",""
"QCL","Crops and livestock products","566","Nigeria","5412","Yield","01540","Yams","2009","2009","kg/ha","10479.7","A","Official figure",""
"QCL","Crops and livestock products","566","Nigeria","5510","Production","01540","Yams","2009","2009","t","29091980","A","Official figure",""
"QCL","Crops and livestock products","566","Nigeria","5312","Area harvested","01540","Yams","2010","2010","ha","2868990","A","Official figure",""
"QCL","Crops and livestock products","566","Nigeria","5412","Yield","01540","Yams","2010","2010","kg/ha","13010.9","A","Official figure",""
"QCL","Crops and livestock products","566","Nigeria","5510","Production","01540","Yams","2010","2010","t","37328180","A","Official figure",""
"QCL","Crops and livestock products","566","Nigeria","5312","Area harvested","01540","Yams","2011","2011","ha","4475356","A","Official figure",""
"QCL","Crops and livestock products","566","Nigeria","5412","Yield","01540","Yams","2011","2011","kg/ha","7403.7","A","Official figure",""
"QCL","Crops and livestock products","566","Nigeria","5510","Production","01540","Yams","2011","2011","t","33134172","A","Official figure",""
"QCL","Crops and livestock products","566","Nigeria","5312","Area harvested","01540","Yams","2012","2012","ha","4487946","A","Official figure",""
"QCL","Crops and livestock products","566","Nigeria","5412","Yield","01540","Yams","2012","2012","kg/ha","7201.3","A","Official figure",""
"QCL","Crops and livestock products","566","Nigeria","5510","Production","01540","Yams","2012","2012","t","32318900","A","Official figure",""
"QCL","Crops and livestock products","566","Nigeria","5312","Area harvested","01540","Yams","2013","2013","ha","5088300","A","Official figure",""
"QCL","Crops and livestock products","566","Nigeria","5412","Yield","01540","Yams","2013","2013","kg/ha","7000.1","A","Official figure",""
"QCL","Crops and livestock products","566","Nigeria","5510","Production","01540","Yams","2013","2013","t","35618420","A","Official figure",""
"QCL","Crops and livestock products","566","Nigeria","5312","Area harvested","01540","Yams","2014","2014","ha","5333871","A","Official figure",""
"QCL","Crops and livestock products","566","Nigeria","5412","Yield","01540","Yams","2014","2014","kg/ha","8194.8","A","Official figure",""
"QCL","Crops and livestock products","566","Nigeria","5510","Production","01540","Yams","2014","2014","t","43709800","A","Official figure",""
"QCL","Crops and livestock products","566","Nigeria","5312","Area harvested","01540","Yams","2015","2015","ha","5389870","A","Official figure",""
"QCL","Crops and livestock products","566","Nigeria","5412","Yield","01540","Yams","2015","2015","kg/ha","8182.7","A","Official figure",""
"QCL","Crops and livestock products","566","Nigeria","5510","Production","01540","Yams","2015","2015","t","44103900","A","Official figure",""
"QCL","Crops and livestock products","566","Nigeria","5312","Area harvested","01540","Yams","2016","2016","ha","5347483","A","Official figure",""
"QCL","Crops and livestock products","566","Nigeria","5412","Yield","01540","Yams","2016","2016","kg/ha","9159.9","A","Official figure",""
"QCL","Crops and livestock products","566","Nigeria","5510","Production","01540","Yams","2016","2016","t","48982621","A","Official figure",""
"QCL","Crops and livestock products","566","Nigeria","5312","Area harvested","01540","Yams","2017","2017","ha","5276098","A","Official figure",""
"QCL","Crops and livestock products","566","Nigeria","5412","Yield","01540","Yams","2017","2017","kg/ha","9385.6","A","Official figure",""
"QCL","Crops and livestock products","566","Nigeria","5510","Production","01540","Yams","2017","2017","t","49519100","A","Official figure",""
"QCL","Crops and livestock products","566","Nigeria","5312","Area harvested","01540","Yams","2018","2018","ha","5427899","A","Official figure",""
"QCL","Crops and livestock products","566","Nigeria","5412","Yield","01540","Yams","2018","2018","kg/ha","10199.9","A","Official figure",""
"QCL","Crops and livestock products","566","Nigeria","5510","Production","01540","Yams","2018","2018","t","55363999","A","Official figure",""
"QCL","Crops and livestock products","566","Nigeria","5312","Area harvested","01540","Yams","2019","2019","ha","6778080","A","Official figure",""
"QCL","Crops and livestock products","566","Nigeria","5412","Yield","01540","Yams","2019","2019","kg/ha","7806.8","A","Official figure",""
"QCL","Crops and livestock products","566","Nigeria","5510","Production","01540","Yams","2019","2019","t","52914910","A","Official figure",""
"QCL","Crops and livestock products","566","Nigeria","5312","Area harvested","01540","Yams","2020","2020","ha","7128080","A","Official figure",""
"QCL","Crops and livestock products","566","Nigeria","5412","Yield","01540","Yams","2020","2020","kg/ha","7904.7","A","Official figure",""
"QCL","Crops and livestock products","566","Nigeria","5510","Production","01540","Yams","2020","2020","t","56345530","A","Official figure",""
"QCL","Crops and livestock products","566","Nigeria","5312","Area harvested","01540","Yams","2021","2021","ha","7498130","A","Official figure",""
"QCL","Crops and livestock products","566","Nigeria","5412","Yield","01540","Yams","2021","2021","kg/ha","7986.5","A","Official figure",""
"QCL","Crops and livestock products","566","Nigeria","5510","Production","01540","Yams","2021","2021","t","59884050","A","Official figure",""
"QCL","Crops and livestock products","566","Nigeria","5312","Area harvested","01540","Yams","2022","2022","ha","7501189","I","Value imputed by a receiving agency",""
"QCL","Crops and livestock products","566","Nigeria","5412","Yield","01540","Yams","2022","2022","kg/ha","8182.9","E","Estimated value",""
"QCL","Crops and livestock products","566","Nigeria","5510","Production","01540","Yams","2022","2022","t","61381808.65","I","Value imputed by a receiving agency",""
"QCL","Crops and livestock products","566","Nigeria","5312","Area harvested","01540","Yams","2023","2023","ha","7548275","I","Value imputed by a receiving agency",""
"QCL","Crops and livestock products","566","Nigeria","5412","Yield","01540","Yams","2023","2023","kg/ha","8203.4","E","Estimated value",""
"QCL","Crops and livestock products","566","Nigeria","5510","Production","01540","Yams","2023","2023","t","61921741.44","I","Value imputed by a receiving agency",""
